date,open,high,low,close,volume
2024-09-03 13:30:00,7.550000190734863,7.739999771118164,7.139999866485596,7.224999904632568,701200.0
2024-09-04 13:30:00,7.090000152587891,7.230000019073486,6.730000019073486,6.784999847412109,793700.0
2024-09-05 13:30:00,6.836999893188477,7.0,6.659999847412109,6.724999904632568,545000.0
2024-09-06 13:30:00,6.670000076293945,6.78000020980835,6.349999904632568,6.625,725200.0
2024-09-09 13:30:00,6.650000095367432,6.820000171661377,6.590000152587891,6.75,177200.0
2024-09-10 13:30:00,6.739999771118164,6.860000133514404,6.630000114440918,6.809999942779541,149700.0
2024-09-11 13:30:00,6.809999942779541,6.914999961853027,6.610000133514404,6.849999904632568,211600.0
2024-09-12 13:30:00,6.869999885559082,6.920000076293945,6.715000152587891,6.78000020980835,174600.0
2024-09-13 13:30:00,6.880000114440918,7.376999855041504,6.860000133514404,7.25,442400.0
2024-09-16 13:30:00,7.300000190734863,7.5,7.119999885559082,7.199999809265137,213500.0
2024-09-17 13:30:00,7.289999961853027,7.480000019073486,7.179999828338623,7.21999979019165,248000.0
2024-09-18 13:30:00,7.230000019073486,7.53000020980835,6.929999828338623,7.300000190734863,434300.0
2024-09-19 13:30:00,7.480000019073486,7.525000095367432,7.349999904632568,7.400000095367432,385600.0
2024-09-20 13:30:00,7.389999866485596,7.429999828338623,7.170000076293945,7.25,192100.0
2024-09-23 13:30:00,7.239999771118164,7.300000190734863,6.960000038146973,6.980000019073486,184100.0
2024-09-24 13:30:00,7.010000228881836,7.090000152587891,6.829999923706055,6.960000038146973,1398500.0
2024-09-25 13:30:00,6.940000057220459,7.070000171661377,6.820000171661377,6.829999923706055,389000.0
2024-09-26 13:30:00,6.909999847412109,7.059999942779541,6.829999923706055,6.909999847412109,188500.0
2024-09-27 13:30:00,6.980000019073486,7.079999923706055,6.739999771118164,6.809999942779541,236500.0
2024-09-30 13:30:00,6.75,6.820000171661377,6.150000095367432,6.300000190734863,857800.0
2024-10-01 13:30:00,6.289999961853027,6.340000152587891,5.869999885559082,5.960000038146973,1080800.0
2024-10-02 13:30:00,5.949999809265137,6.0,5.639999866485596,5.639999866485596,1404300.0
2024-10-03 13:30:00,5.650000095367432,5.958000183105469,5.570000171661377,5.889999866485596,885200.0
2024-10-04 13:30:00,6.0,6.369999885559082,5.974999904632568,6.210000038146973,456000.0
2024-10-07 13:30:00,6.170000076293945,6.28000020980835,5.929999828338623,6.099999904632568,410900.0
2024-10-08 13:30:00,6.099999904632568,6.369999885559082,5.96999979019165,6.03000020980835,1170500.0
2024-10-09 13:30:00,6.03000020980835,6.085000038146973,5.909999847412109,6.03000020980835,363800.0
2024-10-10 13:30:00,5.989999771118164,6.079999923706055,5.940000057220459,6.050000190734863,195700.0
2024-10-11 13:30:00,6.019999980926514,6.059999942779541,5.890999794006348,6.019999980926514,273700.0
2024-10-14 13:30:00,5.96999979019165,6.238999843597412,5.934999942779541,6.119999885559082,515100.0
2024-10-15 13:30:00,6.130000114440918,6.239999771118164,5.929999828338623,5.940000057220459,398700.0
2024-10-16 13:30:00,6.019999980926514,6.34499979019165,5.960000038146973,6.28000020980835,369600.0
2024-10-17 13:30:00,6.21999979019165,6.340000152587891,6.119999885559082,6.269999980926514,604100.0
2024-10-18 13:30:00,6.25,6.5,6.099999904632568,6.389999866485596,412200.0
2024-10-21 13:30:00,6.360000133514404,6.519999980926514,6.28000020980835,6.309999942779541,256400.0
2024-10-22 13:30:00,6.300000190734863,6.46999979019165,6.270999908447266,6.369999885559082,332100.0
2024-10-23 13:30:00,6.369999885559082,6.46999979019165,6.230000019073486,6.440000057220459,504600.0
2024-10-24 13:30:00,6.440000057220459,6.610000133514404,6.380000114440918,6.429999828338623,307300.0
2024-10-25 13:30:00,6.46999979019165,6.5,6.25,6.28000020980835,2386000.0
2024-10-28 13:30:00,6.320000171661377,6.5,6.260000228881836,6.360000133514404,851600.0
2024-10-29 13:30:00,6.309999942779541,6.480000019073486,6.199999809265137,6.21999979019165,504500.0
2024-10-30 13:30:00,6.25,6.425000190734863,6.150000095367432,6.190000057220459,759800.0
2024-10-31 13:30:00,4.25,4.960000038146973,4.050000190734863,4.760000228881836,6424300.0
2024-11-01 13:30:00,4.75,4.829999923706055,4.46999979019165,4.75,2081900.0
2024-11-04 14:30:00,4.739999771118164,4.789999961853027,4.570000171661377,4.679999828338623,854100.0
2024-11-05 14:30:00,4.670000076293945,4.744999885559082,4.190000057220459,4.519999980926514,1258500.0
2024-11-06 14:30:00,4.699999809265137,4.829999923706055,4.480000019073486,4.730000019073486,1682700.0
2024-11-07 14:30:00,4.75,5.46999979019165,4.75,5.300000190734863,2288800.0
2024-11-08 14:30:00,5.269999980926514,5.5,4.989999771118164,5.449999809265137,1970700.0
2024-11-11 14:30:00,5.460000038146973,5.570000171661377,5.170000076293945,5.309999942779541,959000.0
2024-11-12 14:30:00,5.269999980926514,5.400000095367432,5.0,5.050000190734863,935100.0
2024-11-13 14:30:00,5.099999904632568,5.239999771118164,4.940000057220459,4.980000019073486,891500.0
2024-11-14 14:30:00,5.019999980926514,5.054999828338623,4.789999961853027,4.889999866485596,736900.0
2024-11-15 14:30:00,5.150000095367432,6.039999961853027,4.96999979019165,5.039999961853027,3601100.0
2024-11-18 14:30:00,5.079999923706055,5.159999847412109,4.650000095367432,4.659999847412109,879600.0
2024-11-19 14:30:00,4.590000152587891,4.820000171661377,4.4670000076293945,4.760000228881836,877600.0
2024-11-20 14:30:00,4.769999980926514,4.880000114440918,4.590000152587891,4.659999847412109,504000.0
2024-11-21 14:30:00,4.659999847412109,4.688000202178955,4.400000095367432,4.449999809265137,608400.0
2024-11-22 14:30:00,4.460000038146973,4.586999893188477,4.340000152587891,4.409999847412109,725400.0
2024-11-25 14:30:00,4.519999980926514,4.639999866485596,4.369999885559082,4.570000171661377,823500.0
2024-11-26 14:30:00,4.639999866485596,4.679999828338623,4.46999979019165,4.519999980926514,541400.0
2024-11-27 14:30:00,4.550000190734863,4.650000095367432,4.480000019073486,4.559999942779541,430700.0
2024-11-29 14:30:00,4.559999942779541,4.659999847412109,4.5,4.59499979019165,369700.0
2024-12-02 14:30:00,4.590000152587891,4.630000114440918,4.409999847412109,4.489999771118164,580800.0
2024-12-03 14:30:00,4.489999771118164,4.539999961853027,4.28000020980835,4.349999904632568,585300.0
2024-12-04 14:30:00,4.380000114440918,4.380000114440918,4.130000114440918,4.139999866485596,619500.0
2024-12-05 14:30:00,4.190000057220459,4.199999809265137,4.0,4.09499979019165,981500.0
2024-12-06 14:30:00,4.119999885559082,4.675000190734863,4.110000133514404,4.670000076293945,1383300.0
2024-12-09 14:30:00,4.679999828338623,4.909999847412109,4.670000076293945,4.809999942779541,727400.0
2024-12-10 14:30:00,4.710000038146973,4.739999771118164,4.460000038146973,4.539999961853027,748500.0
2024-12-11 14:30:00,4.550000190734863,4.590000152587891,4.35099983215332,4.53000020980835,799400.0
2024-12-12 14:30:00,4.5,4.579999923706055,4.309999942779541,4.409999847412109,553000.0
2024-12-13 14:30:00,4.400000095367432,4.429999828338623,4.164999961853027,4.21999979019165,533200.0
2024-12-16 14:30:00,4.210000038146973,4.420000076293945,4.156000137329102,4.329999923706055,400300.0
2024-12-17 14:30:00,4.25,4.400000095367432,4.179999828338623,4.199999809265137,550700.0
2024-12-18 14:30:00,4.25,4.300000190734863,3.8550000190734863,3.930000066757202,974300.0
2024-12-19 14:30:00,4.0,4.190999984741211,3.9000000953674316,3.9200000762939453,619800.0
2024-12-20 14:30:00,3.9100000858306885,4.199999809265137,3.9000000953674316,3.9700000286102295,1170400.0
2024-12-23 14:30:00,4.019999980926514,4.170000076293945,3.9200000762939453,4.050000190734863,517400.0
2024-12-24 14:30:00,4.050000190734863,4.130000114440918,3.9600000381469727,4.03000020980835,238200.0
2024-12-26 14:30:00,3.990000009536743,4.179999828338623,3.880000114440918,4.139999866485596,606200.0
2024-12-27 14:30:00,4.139999866485596,4.139999866485596,3.9200000762939453,3.990000009536743,555800.0
2024-12-30 14:30:00,3.940000057220459,3.9649999141693115,3.7100000381469727,3.75,1009600.0
2024-12-31 14:30:00,3.759999990463257,3.8299999237060547,3.5899999141693115,3.7799999713897705,737700.0
2025-01-02 14:30:00,3.8499999046325684,4.28000020980835,3.819999933242798,4.150000095367432,1133300.0
2025-01-03 14:30:00,4.199999809265137,4.559999942779541,4.059999942779541,4.449999809265137,1766500.0
2025-01-06 14:30:00,4.599999904632568,5.010000228881836,4.420000076293945,4.75,1664200.0
2025-01-07 14:30:00,4.800000190734863,5.21999979019165,4.559999942779541,4.579999923706055,991200.0
2025-01-08 14:30:00,4.610000133514404,4.682000160217285,4.074999809265137,4.139999866485596,886800.0
2025-01-10 14:30:00,4.039999961853027,4.090000152587891,3.1649999618530273,3.5299999713897705,4160900.0
2025-01-13 14:30:00,3.5399999618530273,3.569999933242798,3.315000057220459,3.369999885559082,1289000.0
2025-01-14 14:30:00,3.450000047683716,3.490000009536743,3.2850000858306885,3.359999895095825,1205700.0
2025-01-15 14:30:00,3.4000000953674316,3.619999885559082,3.3550000190734863,3.450000047683716,1145100.0
2025-01-16 14:30:00,3.450000047683716,3.568000078201294,3.2850000858306885,3.4100000858306885,1468000.0
2025-01-17 14:30:00,3.4800000190734863,3.6500000953674316,3.369999885559082,3.490000009536743,946200.0
2025-01-21 14:30:00,3.569999933242798,3.7799999713897705,3.5199999809265137,3.640000104904175,1008300.0
2025-01-22 14:30:00,3.640000104904175,3.809999942779541,3.5899999141693115,3.7300000190734863,1153900.0
2025-01-23 14:30:00,3.740000009536743,4.0,3.559999942779541,3.869999885559082,1731700.0
2025-01-24 14:30:00,3.859999895095825,4.099999904632568,3.805000066757202,3.890000104904175,1002700.0
2025-01-27 14:30:00,3.859999895095825,3.9049999713897705,3.5999999046325684,3.609999895095825,756900.0
2025-01-28 14:30:00,3.640000104904175,3.9749999046325684,3.5399999618530273,3.940000057220459,830800.0
2025-01-29 14:30:00,3.930000066757202,4.179999828338623,3.9079999923706055,4.090000152587891,1197700.0
2025-01-30 14:30:00,4.119999885559082,4.375,4.03000020980835,4.170000076293945,1417400.0
2025-01-31 14:30:00,4.239999771118164,4.320000171661377,4.109000205993652,4.309999942779541,864400.0
2025-02-03 14:30:00,4.130000114440918,4.380000114440918,3.890000104904175,4.309999942779541,1085600.0
2025-02-04 14:30:00,4.309999942779541,4.775000095367432,4.230000019073486,4.730000019073486,2642600.0
2025-02-05 14:30:00,4.75,5.0,4.429999828338623,4.989999771118164,2530100.0
2025-02-06 14:30:00,5.070000171661377,5.079999923706055,4.559999942779541,4.630000114440918,1007500.0
2025-02-07 14:30:00,4.639999866485596,4.639999866485596,4.269999980926514,4.409999847412109,850800.0
2025-02-10 14:30:00,4.5,4.510000228881836,4.335000038146973,4.474999904632568,462300.0
2025-02-11 14:30:00,4.429999828338623,4.474999904632568,4.065000057220459,4.110000133514404,960700.0
2025-02-12 14:30:00,4.070000171661377,4.300000190734863,3.99399995803833,4.25,905500.0
2025-02-13 14:30:00,4.340000152587891,4.46999979019165,4.090000152587891,4.420000076293945,942600.0
2025-02-14 14:30:00,4.420000076293945,4.638999938964844,4.360000133514404,4.570000171661377,1310000.0
2025-02-18 14:30:00,4.659999847412109,4.880000114440918,4.360000133514404,4.429999828338623,1525700.0
2025-02-19 14:30:00,4.460000038146973,4.659999847412109,4.400000095367432,4.5,953700.0
2025-02-20 14:30:00,4.5,4.550000190734863,4.260000228881836,4.539999961853027,804000.0
2025-02-21 14:30:00,4.590000152587891,4.849999904632568,4.184999942779541,4.210000038146973,1850700.0
2025-02-24 14:30:00,4.210000038146973,4.210000038146973,3.690000057220459,3.700000047683716,1302300.0
2025-02-25 14:30:00,3.700000047683716,3.7699999809265137,3.559999942779541,3.6500000953674316,778100.0
2025-02-26 14:30:00,3.700000047683716,3.880000114440918,3.6449999809265137,3.700000047683716,685000.0
2025-02-27 14:30:00,4.265999794006348,4.300000190734863,3.859999895095825,3.9200000762939453,1179800.0
2025-02-28 14:30:00,3.8949999809265137,4.010000228881836,3.6500000953674316,3.930000066757202,1248000.0
2025-03-03 14:30:00,3.9600000381469727,4.099999904632568,3.6549999713897705,3.6700000762939453,1263000.0
2025-03-04 14:30:00,3.5999999046325684,3.9000000953674316,3.559999942779541,3.8499999046325684,992800.0
2025-03-05 14:30:00,3.8499999046325684,4.050000190734863,3.809999942779541,4.039999961853027,781800.0
2025-03-06 14:30:00,3.9800000190734863,4.139999866485596,3.890000104904175,4.019999980926514,578600.0
2025-03-07 14:30:00,4.130000114440918,4.130000114440918,3.740000009536743,3.740000009536743,1090000.0
2025-03-10 13:30:00,3.7799999713897705,3.7990000247955322,3.440000057220459,3.5399999618530273,1933600.0
2025-03-11 13:30:00,3.5199999809265137,3.6649999618530273,3.390000104904175,3.5999999046325684,1157100.0
2025-03-12 13:30:00,3.609999895095825,3.8499999046325684,3.5850000381469727,3.7300000190734863,1074900.0
2025-03-13 13:30:00,3.740000009536743,3.765000104904175,3.490000009536743,3.490000009536743,664400.0
2025-03-14 13:30:00,3.5399999618530273,3.6600000858306885,3.450000047683716,3.4800000190734863,814000.0
2025-03-17 13:30:00,3.509999990463257,3.5399999618530273,3.4100000858306885,3.4600000381469727,573700.0
2025-03-18 13:30:00,3.450000047683716,3.4549999237060547,3.200000047683716,3.2200000286102295,1249000.0
2025-03-19 13:30:00,3.2899999618530273,3.2899999618530273,3.049999952316284,3.059999942779541,1925500.0
2025-03-20 13:30:00,3.0199999809265137,3.1649999618530273,2.880000114440918,2.9649999141693115,1459200.0
2025-03-21 13:30:00,2.940000057220459,3.134999990463257,2.9200000762939453,3.0999999046325684,1905200.0
2025-03-24 13:30:00,3.1600000858306885,3.259999990463257,3.0350000858306885,3.109999895095825,753400.0
2025-03-25 13:30:00,3.0999999046325684,3.109999895095825,2.950000047683716,3.069999933242798,903100.0
2025-03-26 13:30:00,3.0299999713897705,3.0399999618530273,2.9130001068115234,2.9800000190734863,688500.0
2025-03-27 13:30:00,2.950000047683716,3.1600000858306885,2.9100000858306885,3.0899999141693115,681000.0
2025-03-28 13:30:00,3.059999942779541,3.115000009536743,2.9100000858306885,2.940000057220459,566000.0
2025-03-31 13:30:00,2.9000000953674316,2.9100000858306885,2.7200000286102295,2.859999895095825,1188600.0
2025-04-01 13:30:00,2.8499999046325684,2.859999895095825,2.690000057220459,2.7899999618530273,1028600.0
2025-04-02 13:30:00,2.7699999809265137,3.109999895095825,2.759999990463257,3.0899999141693115,1846600.0
2025-04-03 13:30:00,2.890000104904175,2.990000009536743,2.819999933242798,2.8299999237060547,779200.0
2025-04-04 13:30:00,2.759999990463257,2.7699999809265137,2.559999942779541,2.7100000381469727,1501700.0
2025-04-07 13:30:00,2.509999990463257,2.7699999809265137,2.490000009536743,2.700000047683716,1435400.0
2025-04-08 13:30:00,2.8399999141693115,2.9049999713897705,2.640000104904175,2.6600000858306885,739200.0
2025-04-09 13:30:00,2.640000104904175,2.930000066757202,2.5999999046325684,2.8499999046325684,1155600.0
2025-04-10 13:30:00,2.7899999618530273,2.8450000286102295,2.6500000953674316,2.700000047683716,993800.0
2025-04-11 13:30:00,2.7100000381469727,2.859999895095825,2.6600000858306885,2.8499999046325684,378300.0
2025-04-14 13:30:00,2.930000066757202,3.0299999713897705,2.8550000190734863,3.0199999809265137,402300.0
2025-04-15 13:30:00,3.0199999809265137,3.109999895095825,2.950000047683716,3.0199999809265137,499400.0
2025-04-16 13:30:00,3.0,3.0399999618530273,2.940000057220459,2.990000009536743,305300.0
2025-04-17 13:30:00,3.0,3.140000104904175,2.950000047683716,3.130000114440918,519700.0
2025-04-21 13:30:00,3.138000011444092,3.4089999198913574,3.0799999237060547,3.380000114440918,1017300.0
2025-04-22 13:30:00,3.4200000762939453,3.700000047683716,3.4000000953674316,3.569999933242798,2550500.0
2025-04-23 13:30:00,3.6050000190734863,4.034999847412109,3.569999933242798,3.9800000190734863,2821700.0
2025-04-24 13:30:00,3.990000009536743,4.054999828338623,3.615000009536743,3.990000009536743,1486000.0
2025-04-25 13:30:00,4.010000228881836,4.053999900817871,3.7899999618530273,3.819999933242798,584900.0
2025-04-28 13:30:00,3.819999933242798,3.9100000858306885,3.755000114440918,3.880000114440918,496400.0
2025-04-29 13:30:00,3.869999885559082,4.0,3.734999895095825,3.7699999809265137,453000.0
2025-04-30 13:30:00,3.7100000381469727,4.054999828338623,3.619999885559082,3.9800000190734863,1321300.0
2025-05-01 13:30:00,3.9800000190734863,4.150000095367432,3.8550000190734863,4.099999904632568,713700.0
2025-05-02 13:30:00,4.119999885559082,4.275000095367432,4.03000020980835,4.190000057220459,633200.0
2025-05-05 13:30:00,4.190000057220459,4.23799991607666,4.03000020980835,4.039999961853027,747600.0
2025-05-06 13:30:00,4.0,4.0,3.630000114440918,3.6449999809265137,859600.0
2025-05-07 13:30:00,3.694999933242798,3.75,3.640000104904175,3.740000009536743,473100.0
2025-05-08 13:30:00,3.990000009536743,4.0,3.619999885559082,3.759999990463257,585100.0
2025-05-09 13:30:00,3.700000047683716,3.869999885559082,3.700000047683716,3.7899999618530273,309600.0
2025-05-12 13:30:00,4.0,4.03000020980835,3.865000009536743,3.9100000858306885,587600.0
2025-05-13 13:30:00,3.940000057220459,3.947999954223633,3.755000114440918,3.9000000953674316,490300.0
2025-05-14 13:30:00,3.9200000762939453,4.026000022888184,3.799999952316284,3.859999895095825,493700.0
2025-05-15 13:30:00,3.9100000858306885,3.9679999351501465,3.75,3.950000047683716,400200.0
2025-05-16 13:30:00,3.950000047683716,4.045000076293945,3.9100000858306885,3.9800000190734863,580200.0
2025-05-19 13:30:00,3.9200000762939453,4.440000057220459,3.8450000286102295,4.349999904632568,1975800.0
2025-05-20 13:30:00,4.5,5.03000020980835,4.360000133514404,4.619999885559082,4001300.0
2025-05-21 13:30:00,4.579999923706055,4.650000095367432,4.110000133514404,4.340000152587891,1220500.0
2025-05-22 13:30:00,4.25,4.289999961853027,4.099999904632568,4.179999828338623,664900.0
2025-05-23 13:30:00,4.070000171661377,4.380000114440918,3.859999895095825,4.360000133514404,983200.0
2025-05-27 13:30:00,4.510000228881836,4.519999980926514,4.159999847412109,4.28000020980835,2120400.0
2025-05-28 13:30:00,4.28000020980835,4.400000095367432,4.119999885559082,4.21999979019165,1827500.0
2025-05-29 13:30:00,4.269999980926514,4.289999961853027,4.110000133514404,4.139999866485596,1034100.0
2025-05-30 13:30:00,4.150000095367432,4.195000171661377,3.950000047683716,4.159999847412109,815200.0
2025-06-02 13:30:00,4.199999809265137,4.429999828338623,3.950000047683716,4.369999885559082,1634900.0
2025-06-03 13:30:00,4.369999885559082,4.71999979019165,4.260000228881836,4.590000152587891,1191200.0
2025-06-04 13:30:00,4.650000095367432,4.730000019073486,4.445000171661377,4.519999980926514,1738900.0
2025-06-05 13:30:00,4.599999904632568,4.744999885559082,4.489999771118164,4.53000020980835,961500.0
2025-06-06 13:30:00,4.570000171661377,4.989999771118164,4.559999942779541,4.800000190734863,1209700.0
2025-06-09 13:30:00,4.909999847412109,5.138000011444092,4.603000164031982,4.670000076293945,1765900.0
2025-06-10 13:30:00,4.670000076293945,5.050000190734863,4.639999866485596,4.760000228881836,2556400.0
2025-06-11 13:30:00,4.789999961853027,4.860000133514404,4.559999942779541,4.590000152587891,2144400.0
2025-06-12 13:30:00,4.550000190734863,4.75,4.360000133514404,4.519999980926514,2846300.0
2025-06-13 13:30:00,4.349999904632568,4.539999961853027,4.327000141143799,4.389999866485596,1371100.0
2025-06-16 13:30:00,4.5,4.670000076293945,4.409999847412109,4.639999866485596,1706200.0
2025-06-17 13:30:00,4.630000114440918,4.860000133514404,4.429999828338623,4.480000019073486,1777900.0
2025-06-18 13:30:00,4.570000171661377,5.150000095367432,4.550000190734863,4.800000190734863,3071400.0
2025-06-20 13:30:00,4.998000144958496,4.998000144958496,4.460000038146973,4.630000114440918,2120500.0
2025-06-23 13:30:00,3.0799999237060547,3.130000114440918,2.25,2.3499999046325684,36057500.0
2025-06-24 13:30:00,2.5,2.609999895095825,2.3499999046325684,2.5299999713897705,12039000.0
2025-06-25 13:30:00,2.575000047683716,2.819999933242798,2.4709999561309814,2.759999990463257,7871400.0
2025-06-26 13:30:00,2.7149999141693115,2.747999906539917,2.5850000381469727,2.6600000858306885,4351400.0
2025-06-27 13:30:00,2.680000066757202,2.8399999141693115,2.609999895095825,2.7699999809265137,3359200.0
2025-06-30 13:30:00,2.7850000858306885,2.9049999713897705,2.680000066757202,2.799999952316284,2888200.0
2025-07-01 13:30:00,2.8399999141693115,3.239000082015991,2.819999933242798,3.1600000858306885,5779200.0
2025-07-02 13:30:00,3.1500000953674316,3.5,3.115000009536743,3.380000114440918,3462900.0
2025-07-03 13:30:00,3.450000047683716,3.4700000286102295,3.240000009536743,3.259999990463257,1368800.0
2025-07-07 13:30:00,3.259999990463257,3.430000066757202,3.240000009536743,3.309999942779541,1947400.0
2025-07-08 13:30:00,3.359999895095825,3.5999999046325684,3.3440001010894775,3.4600000381469727,2792400.0
2025-07-09 13:30:00,3.5399999618530273,3.6500000953674316,3.509999990463257,3.5299999713897705,2295400.0
2025-07-10 13:30:00,3.555000066757202,3.819999933242798,3.5199999809265137,3.7200000286102295,2909400.0
2025-07-11 13:30:00,3.759999990463257,3.880000114440918,3.619999885559082,3.674999952316284,1868200.0
2025-07-14 13:30:00,3.6500000953674316,3.7300000190734863,3.450000047683716,3.7100000381469727,2125300.0
2025-07-15 13:30:00,3.7100000381469727,3.7149999141693115,3.5199999809265137,3.559999942779541,1251900.0
2025-07-16 13:30:00,3.5999999046325684,3.950000047683716,3.5,3.930000066757202,2523100.0
2025-07-17 13:30:00,3.950000047683716,4.019999980926514,3.8399999141693115,3.880000114440918,1925500.0
2025-07-18 13:30:00,3.924999952316284,4.400000095367432,3.8299999237060547,4.300000190734863,4576900.0
2025-07-21 13:30:00,4.46999979019165,4.664999961853027,4.329999923706055,4.460000038146973,3252100.0
2025-07-22 13:30:00,4.480000019073486,4.539999961853027,4.210000038146973,4.420000076293945,1590100.0
2025-07-23 13:30:00,4.5,4.675000190734863,4.420000076293945,4.619999885559082,2078300.0
2025-07-24 13:30:00,4.619999885559082,4.679999828338623,4.340000152587891,4.369999885559082,1307400.0
2025-07-25 13:30:00,4.349999904632568,4.409999847412109,4.179999828338623,4.329999923706055,1075900.0
2025-07-28 13:30:00,4.289999961853027,4.409999847412109,4.090000152587891,4.340000152587891,1704400.0
2025-07-29 13:30:00,4.349999904632568,4.36299991607666,4.039999961853027,4.289999961853027,2206300.0
2025-07-30 13:30:00,4.289999961853027,4.376999855041504,3.9200000762939453,3.940000057220459,2026200.0
2025-07-31 13:30:00,4.019999980926514,4.78000020980835,3.9240000247955322,4.349999904632568,6093700.0
2025-08-01 13:30:00,4.269999980926514,4.53000020980835,4.139999866485596,4.340000152587891,2525600.0
2025-08-04 13:30:00,4.360000133514404,4.789999961853027,4.360000133514404,4.599999904632568,2721100.0
2025-08-05 13:30:00,4.650000095367432,4.670000076293945,4.440000057220459,4.480000019073486,953400.0
2025-08-06 13:30:00,4.480000019073486,4.480000019073486,4.275000095367432,4.360000133514404,720100.0
2025-08-07 13:30:00,4.360000133514404,4.389999866485596,4.269999980926514,4.309999942779541,675400.0
2025-08-08 13:30:00,4.449999809265137,4.552000045776367,4.315000057220459,4.389999866485596,840200.0
2025-08-11 13:30:00,4.389999866485596,4.460000038146973,4.199999809265137,4.340000152587891,2451500.0
2025-08-12 13:30:00,4.329999923706055,4.349999904632568,4.170000076293945,4.21999979019165,1574400.0
2025-08-13 13:30:00,4.25,4.46999979019165,4.215000152587891,4.289999961853027,2160800.0
2025-08-14 13:30:00,4.239999771118164,4.335000038146973,4.21999979019165,4.239999771118164,965900.0
2025-08-15 13:30:00,4.239999771118164,4.34499979019165,4.210000038146973,4.320000171661377,1226700.0
2025-08-18 13:30:00,4.329999923706055,4.420000076293945,4.230000019073486,4.260000228881836,1250100.0
2025-08-19 13:30:00,4.289999961853027,4.300000190734863,4.03000020980835,4.090000152587891,1277800.0
2025-08-20 13:30:00,4.119999885559082,4.139999866485596,3.9700000286102295,4.079999923706055,1387100.0
2025-08-21 13:30:00,4.059999942779541,4.400000095367432,4.039999961853027,4.309999942779541,1869400.0
2025-08-22 13:30:00,4.329999923706055,4.650000095367432,4.289999961853027,4.610000133514404,2360900.0
2025-08-25 13:30:00,4.579999923706055,4.929999828338623,4.5,4.579999923706055,3063900.0
2025-08-26 13:30:00,4.599999904632568,4.817999839782715,4.556000232696533,4.760000228881836,1709200.0
2025-08-27 13:30:00,4.888000011444092,4.900000095367432,4.670000076293945,4.71999979019165,789100.0
2025-08-28 13:30:00,4.71999979019165,5.070000171661377,4.690000057220459,4.809999942779541,2225400.0
2025-08-29 13:30:00,4.809999942779541,4.809999942779541,4.409999847412109,4.420000076293945,1551800.0
2025-09-02 13:30:00,4.420000076293945,4.635000228881836,4.400000095367432,4.519999980926514,1868400.0
2025-09-03 13:30:00,4.570000171661377,4.784999847412109,4.554999828338623,4.710000038146973,1470100.0
2025-09-04 13:30:00,4.710000038146973,5.269999980926514,4.684999942779541,5.099999904632568,4118200.0
2025-09-05 13:30:00,5.119999885559082,5.235000133514404,4.900000095367432,5.139999866485596,2302900.0
2025-09-08 13:30:00,5.159999847412109,5.197000026702881,4.949999809265137,4.980000019073486,2758500.0
2025-09-09 13:30:00,5.0,5.380000114440918,4.949999809265137,5.170000076293945,1745400.0
2025-09-10 13:30:00,5.190000057220459,5.304999828338623,5.010000228881836,5.050000190734863,1019200.0
2025-09-11 13:30:00,5.050000190734863,5.324999809265137,5.005000114440918,5.239999771118164,1628200.0
2025-09-12 13:30:00,5.25,5.285999774932861,5.150000095367432,5.199999809265137,705700.0
2025-09-15 13:30:00,5.21999979019165,5.28000020980835,5.0,5.139999866485596,1400100.0
2025-09-16 13:30:00,5.159999847412109,5.190000057220459,5.019999980926514,5.099999904632568,862100.0
2025-09-17 13:30:00,5.119999885559082,5.179999828338623,4.96999979019165,5.039999961853027,1082300.0
2025-09-18 13:30:00,5.099999904632568,5.255000114440918,4.980000019073486,5.079999923706055,1678500.0
2025-09-19 13:30:00,5.090000152587891,5.090000152587891,4.820000171661377,4.900000095367432,1551800.0
2025-09-22 13:30:00,4.900000095367432,5.059999942779541,4.820000171661377,5.039999961853027,1350900.0
2025-09-23 13:30:00,5.059999942779541,5.429999828338623,5.0,5.039999961853027,2409900.0
2025-09-24 13:30:00,5.099999904632568,5.550000190734863,5.070000171661377,5.539999961853027,2265300.0
2025-09-25 13:30:00,5.489999771118164,5.704999923706055,5.449999809265137,5.659999847412109,1377100.0
2025-09-26 13:30:00,5.75,5.934999942779541,5.610000133514404,5.800000190734863,1534300.0
2025-09-29 13:30:00,5.829999923706055,5.90500020980835,5.599999904632568,5.869999885559082,1128200.0
2025-09-30 13:30:00,5.900000095367432,5.920000076293945,5.639999866485596,5.730000019073486,955500.0
2025-10-01 13:30:00,5.710000038146973,5.829999923706055,5.539999961853027,5.769999980926514,1298000.0
2025-10-02 13:30:00,5.769999980926514,6.019999980926514,5.715000152587891,6.010000228881836,1375700.0
2025-10-03 13:30:00,6.050000190734863,6.48799991607666,6.050000190734863,6.429999828338623,3134600.0
2025-10-06 13:30:00,6.53000020980835,6.630000114440918,6.230000019073486,6.289999961853027,2189400.0
2025-10-07 13:30:00,6.289999961853027,6.409999847412109,6.119999885559082,6.239999771118164,1559900.0
2025-10-08 13:30:00,6.320000171661377,6.75,6.269999980926514,6.599999904632568,2699700.0
2025-10-09 13:30:00,6.599999904632568,6.690000057220459,6.309999942779541,6.440000057220459,1325500.0
2025-10-10 13:30:00,6.5,6.5970001220703125,5.949999809265137,6.21999979019165,1763600.0
2025-10-13 13:30:00,6.260000228881836,6.434999942779541,6.204999923706055,6.289999961853027,1644500.0
2025-10-14 13:30:00,6.289999961853027,7.085000038146973,6.28000020980835,6.840000152587891,2658200.0
2025-10-15 13:30:00,6.980000019073486,7.025000095367432,6.631999969482422,6.829999923706055,1695400.0
2025-10-16 13:30:00,6.889999866485596,7.019999980926514,6.400000095367432,6.409999847412109,1330400.0
2025-10-17 13:30:00,6.21999979019165,6.599999904632568,6.179999828338623,6.519999980926514,1659600.0
2025-10-20 13:30:00,6.679999828338623,6.839000225067139,6.579999923706055,6.75,903900.0
2025-10-21 13:30:00,6.71999979019165,6.739999771118164,6.460000038146973,6.5,656700.0
2025-10-22 13:30:00,6.460000038146973,6.590000152587891,6.199999809265137,6.340000152587891,985400.0
2025-10-23 13:30:00,6.340000152587891,6.409999847412109,6.190000057220459,6.239999771118164,881500.0
2025-10-24 13:30:00,6.360000133514404,6.489999771118164,6.28000020980835,6.28000020980835,675100.0
2025-10-27 13:30:00,6.369999885559082,6.869999885559082,6.357999801635742,6.539999961853027,2004600.0
2025-10-28 13:30:00,6.53000020980835,6.619999885559082,6.380000114440918,6.550000190734863,1358200.0
2025-10-29 13:30:00,6.510000228881836,6.650000095367432,6.230000019073486,6.329999923706055,1677700.0
2025-10-30 13:30:00,6.340000152587891,6.710000038146973,6.25,6.300000190734863,1527600.0
2025-10-31 13:30:00,6.429999828338623,6.53000020980835,6.21999979019165,6.320000171661377,769800.0
2025-11-03 14:30:00,6.329999923706055,6.329999923706055,5.820000171661377,5.949999809265137,1796700.0
2025-11-04 14:30:00,6.519999980926514,6.880000114440918,6.119999885559082,6.630000114440918,12414500.0
2025-11-05 14:30:00,6.539999961853027,6.570000171661377,5.409999847412109,5.489999771118164,4206900.0
2025-11-06 14:30:00,5.510000228881836,5.829999923706055,5.400000095367432,5.590000152587891,2124700.0
2025-11-07 14:30:00,5.539999961853027,5.554999828338623,5.300000190734863,5.449999809265137,1484400.0
2025-11-10 14:30:00,5.550000190734863,5.889999866485596,5.480000019073486,5.739999771118164,1743300.0
2025-11-11 14:30:00,5.739999771118164,5.934999942779541,5.539999961853027,5.699999809265137,1756500.0
2025-11-12 14:30:00,5.699999809265137,6.010000228881836,5.690000057220459,5.860000133514404,1359700.0
2025-11-13 14:30:00,5.78000020980835,5.829999923706055,5.260000228881836,5.289999961853027,1164600.0
2025-11-14 14:30:00,5.099999904632568,5.389999866485596,5.010000228881836,5.204999923706055,1661600.0
2025-11-17 14:30:00,5.179999828338623,5.539999961853027,5.090000152587891,5.329999923706055,2071900.0
2025-11-18 14:30:00,5.210000038146973,5.539999961853027,5.090000152587891,5.389999866485596,1238500.0
2025-11-19 14:30:00,5.380000114440918,5.465000152587891,5.242000102996826,5.25,700000.0
2025-11-20 14:30:00,5.480000019073486,5.650000095367432,5.164999961853027,5.199999809265137,1039400.0
2025-11-21 14:30:00,5.199999809265137,5.349999904632568,5.025000095367432,5.170000076293945,1670200.0
2025-11-24 14:30:00,5.130000114440918,5.230000019073486,4.954999923706055,5.179999828338623,2177900.0
2025-11-25 14:30:00,5.159999847412109,5.28000020980835,5.079999923706055,5.199999809265137,971400.0
2025-11-26 14:30:00,5.230000019073486,5.28000020980835,5.09499979019165,5.230000019073486,1077400.0
2025-11-28 14:30:00,5.25,5.570000171661377,5.21999979019165,5.550000190734863,575500.0
2025-12-01 14:30:00,5.480000019073486,5.480000019073486,5.199999809265137,5.239999771118164,934200.0
2025-12-02 14:30:00,5.400000095367432,5.400000095367432,4.920000076293945,4.940000057220459,3165000.0
2025-12-03 14:30:00,4.929999828338623,5.170000076293945,4.900000095367432,5.090000152587891,2249600.0
2025-12-04 14:30:00,5.090000152587891,5.679999828338623,5.059999942779541,5.679999828338623,1677500.0
2025-12-05 14:30:00,5.690000057220459,5.900000095367432,5.590000152587891,5.820000171661377,1604100.0
2025-12-08 14:30:00,5.860000133514404,6.340000152587891,5.78000020980835,6.300000190734863,2632100.0
2025-12-09 14:30:00,6.315000057220459,6.554999828338623,6.199999809265137,6.360000133514404,1324400.0
2025-12-10 14:30:00,6.800000190734863,6.927000045776367,6.400000095367432,6.690000057220459,2058400.0
2025-12-11 14:30:00,6.690000057220459,7.0,6.510000228881836,6.940000057220459,1251800.0
2025-12-12 14:30:00,7.010000228881836,7.130000114440918,6.690000057220459,6.739999771118164,1854600.0
2025-12-15 14:30:00,6.800000190734863,6.8429999351501465,6.514999866485596,6.590000152587891,1370700.0
2025-12-16 14:30:00,6.5,6.635000228881836,6.239999771118164,6.389999866485596,874400.0
2025-12-17 14:30:00,6.400000095367432,6.480000019073486,6.079999923706055,6.199999809265137,868800.0
2025-12-18 14:30:00,6.230000019073486,6.380000114440918,6.139999866485596,6.210000038146973,663900.0
2025-12-19 14:30:00,6.25,6.449999809265137,6.190000057220459,6.369999885559082,685800.0
2025-12-22 14:30:00,6.360000133514404,6.739999771118164,6.300000190734863,6.53000020980835,823200.0
2025-12-23 14:30:00,6.519999980926514,7.150000095367432,6.5,6.889999866485596,1790700.0
2025-12-24 14:30:00,6.760000228881836,7.130000114440918,6.75,6.84499979019165,868200.0
2025-12-26 14:30:00,6.849999904632568,6.89300012588501,6.610000133514404,6.679999828338623,792800.0
2025-12-29 14:30:00,6.630000114440918,6.784999847412109,6.559999942779541,6.730000019073486,676500.0
2025-12-30 14:30:00,6.690000057220459,6.783999919891357,6.599999904632568,6.71999979019165,829800.0
2025-12-31 14:30:00,6.71999979019165,6.909999847412109,6.630000114440918,6.900000095367432,841100.0
2026-01-02 14:30:00,7.0,7.135000228881836,6.449999809265137,6.550000190734863,1353900.0
2026-01-05 14:30:00,6.619999885559082,6.869999885559082,6.269999980926514,6.559999942779541,1246300.0
2026-01-06 14:30:00,6.590000152587891,7.070000171661377,6.559999942779541,7.050000190734863,1422800.0
2026-01-07 14:30:00,7.25,7.869999885559082,7.099999904632568,7.820000171661377,3589200.0
2026-01-08 14:30:00,7.78000020980835,8.199999809265137,7.539999961853027,7.619999885559082,2218300.0
2026-01-09 14:30:00,7.690000057220459,7.78000020980835,7.079999923706055,7.21999979019165,1968300.0
2026-01-12 14:30:00,7.190000057220459,7.239999771118164,6.820000171661377,7.0,1328900.0
2026-01-13 14:30:00,7.070000171661377,7.400000095367432,6.869999885559082,7.369999885559082,1270500.0
2026-01-14 14:30:00,7.360000133514404,7.675000190734863,7.309999942779541,7.630000114440918,1279700.0
2026-01-15 14:30:00,7.699999809265137,7.75,7.159999847412109,7.309999942779541,1456600.0
2026-01-16 14:30:00,7.309999942779541,7.460999965667725,7.070000171661377,7.349999904632568,748700.0
2026-01-20 14:30:00,7.199999809265137,7.460000038146973,7.150000095367432,7.309999942779541,1307200.0
2026-01-21 14:30:00,7.309999942779541,7.429999828338623,6.90500020980835,7.0,1877500.0
2026-01-22 14:30:00,7.010000228881836,7.289999961853027,6.920000076293945,7.130000114440918,1091300.0
2026-01-23 14:30:00,7.260000228881836,7.449999809265137,7.070000171661377,7.170000076293945,1864800.0
2026-01-26 14:30:00,7.110000133514404,7.139999866485596,6.545000076293945,6.900000095367432,1505600.0
2026-01-27 14:30:00,7.0,7.050000190734863,6.864999771118164,6.989999771118164,907600.0
2026-01-28 14:30:00,7.03000020980835,7.03000020980835,6.619999885559082,6.710000038146973,1174900.0
2026-01-29 14:30:00,6.679999828338623,6.929999828338623,6.545000076293945,6.789999961853027,986000.0
2026-01-30 14:30:00,6.769999980926514,6.849999904632568,6.489999771118164,6.690000057220459,1015600.0
2026-02-02 14:30:00,6.670000076293945,6.820000171661377,6.559999942779541,6.610000133514404,653600.0
2026-02-03 14:30:00,6.619999885559082,6.829999923706055,6.414000034332275,6.590000152587891,698500.0
2026-02-04 14:30:00,6.369999885559082,6.460000038146973,6.059999942779541,6.369999885559082,2112700.0
2026-02-05 14:30:00,6.300000190734863,6.300000190734863,5.664999961853027,5.710000038146973,3000500.0
2026-02-06 14:30:00,5.900000095367432,6.248000144958496,5.71999979019165,6.190000057220459,1129300.0
2026-02-09 14:30:00,6.199999809265137,6.710000038146973,5.909999847412109,6.5,1379900.0
2026-02-10 14:30:00,6.449999809265137,6.5,6.269999980926514,6.289999961853027,878300.0
2026-02-11 14:30:00,6.320000171661377,6.349999904632568,6.090000152587891,6.309999942779541,959900.0
2026-02-12 14:30:00,6.349999904632568,6.380000114440918,5.829999923706055,5.849999904632568,1082800.0
2026-02-13 14:30:00,5.889999866485596,6.050000190734863,5.769999980926514,5.809999942779541,912600.0
2026-02-17 14:30:00,7.829999923706055,8.795000076293945,7.309999942779541,7.630000114440918,35093200.0
2026-02-18 14:30:00,8.260000228881836,8.899999618530273,7.940000057220459,8.449999809265137,8806000.0
2026-02-19 14:30:00,8.510000228881836,8.520000457763672,7.710000038146973,8.260000228881836,14804000.0
2026-02-20 14:30:00,8.229999542236328,8.399999618530273,7.949999809265137,8.050000190734863,3862000.0
2026-02-23 14:30:00,8.100000381469727,8.100000381469727,7.489999771118164,7.849999904632568,3903900.0
2026-02-24 14:30:00,7.900000095367432,8.029999732971191,7.630000114440918,7.989999771118164,2720800.0
2026-02-25 14:30:00,8.069999694824219,8.095000267028809,7.230000019073486,7.440000057220459,4907900.0
2026-02-26 14:30:00,7.329999923706055,7.489999771118164,6.985000133514404,7.329999923706055,3975700.0
2026-02-27 14:30:00,7.340000152587891,7.427000045776367,6.789999961853027,6.900000095367432,4130900.0
2026-03-02 14:30:00,6.730000019073486,7.190000057220459,6.639999866485596,7.019999980926514,2698000.0
2026-03-03 14:30:00,6.820000171661377,7.025000095367432,6.573999881744385,6.949999809265137,3194200.0
2026-03-04 14:30:00,7.019999980926514,7.119999885559082,6.809999942779541,7.050000190734863,1945900.0
2026-03-05 14:30:00,7.0,7.179999828338623,6.769999980926514,6.775000095367432,2071100.0
2026-03-06 14:30:00,6.869999885559082,6.869999885559082,6.46999979019165,6.579999923706055,2871600.0
2026-03-09 13:30:00,6.505000114440918,6.900000095367432,6.409999847412109,6.860000133514404,3441500.0
2026-03-10 13:30:00,6.869999885559082,7.485000133514404,6.800000190734863,7.440000057220459,3922600.0
2026-03-11 13:30:00,7.519999980926514,7.550000190734863,6.849999904632568,6.889999866485596,2139800.0
2026-03-12 13:30:00,7.054999828338623,7.054999828338623,6.625,6.630000114440918,1902900.0
2026-03-13 13:30:00,6.699999809265137,7.019999980926514,6.315000057220459,6.389999866485596,1923900.0
2026-03-16 13:30:00,6.445000171661377,6.539999961853027,6.260000228881836,6.309999942779541,2891400.0
2026-03-17 13:30:00,6.300000190734863,6.315000057220459,6.050000190734863,6.059999942779541,2706100.0
2026-03-18 13:30:00,6.090000152587891,6.114999771118164,5.869999885559082,5.880000114440918,1741900.0
2026-03-19 13:30:00,5.78000020980835,5.829999923706055,5.570000171661377,5.730000019073486,2662800.0
2026-03-20 13:30:00,5.710000038146973,5.869999885559082,5.380000114440918,5.409999847412109,2746200.0
2026-03-23 13:30:00,5.519999980926514,5.550000190734863,5.25,5.340000152587891,4024700.0
2026-03-24 13:30:00,5.300000190734863,5.309999942779541,4.880000114440918,5.21999979019165,2174900.0
2026-03-25 13:30:00,5.309999942779541,5.800000190734863,5.309999942779541,5.619999885559082,2064900.0
2026-03-26 13:30:00,5.5,5.857999801635742,5.460000038146973,5.639999866485596,1957300.0
2026-03-27 13:30:00,5.610000133514404,5.699999809265137,5.304999828338623,5.369999885559082,1676700.0
2026-03-30 13:30:00,5.360000133514404,5.380000114440918,5.130000114440918,5.239999771118164,1157500.0
2026-03-31 13:30:00,5.349999904632568,5.639999866485596,5.34499979019165,5.53000020980835,1989000.0
2026-04-01 13:30:00,5.610000133514404,5.690000057220459,5.570000171661377,5.619999885559082,1561700.0
2026-04-02 13:30:00,5.5,5.820000171661377,5.451000213623047,5.789999961853027,1310900.0
2026-04-06 13:30:00,5.800000190734863,5.869999885559082,5.670000076293945,5.75,1159700.0
2026-04-07 13:30:00,5.690000057220459,5.690000057220459,5.409999847412109,5.539999961853027,1381500.0
2026-04-08 13:30:00,5.679999828338623,5.880000114440918,5.635000228881836,5.71999979019165,1405800.0
2026-04-09 13:30:00,5.670000076293945,5.708000183105469,5.570000171661377,5.579999923706055,1209400.0
2026-04-10 13:30:00,5.630000114440918,5.699999809265137,5.519999980926514,5.53000020980835,1306800.0
2026-04-13 13:30:00,5.550000190734863,5.869999885559082,5.539999961853027,5.769999980926514,1725600.0
2026-04-14 13:30:00,5.849999904632568,5.980000019073486,5.730000019073486,5.75,1771300.0
2026-04-15 13:30:00,5.860000133514404,5.980000019073486,5.675000190734863,5.960000038146973,2237400.0
2026-04-16 13:30:00,5.96999979019165,6.75,5.800000190734863,6.659999847412109,9757400.0
2026-04-17 13:30:00,6.800000190734863,6.949999809265137,6.550000190734863,6.659999847412109,1963200.0
2026-04-20 13:30:00,8.645000457763672,10.210000038146973,8.630000114440918,9.460000038146973,39751500.0
2026-04-21 13:30:00,9.789999961853027,9.84000015258789,9.050000190734863,9.25,8629800.0
2026-04-22 13:30:00,9.305000305175781,9.350000381469727,8.109999656677246,8.75,7057500.0
2026-04-23 13:30:00,8.75,9.5,8.649999618530273,9.149999618530273,4689600.0
2026-04-24 13:30:00,9.71500015258789,9.899999618530273,8.680000305175781,9.579999923706055,10207100.0
2026-04-27 13:30:00,9.609999656677246,9.880000114440918,8.850000381469727,8.890000343322754,5229600.0
2026-04-28 13:30:00,8.75,8.970000267028809,8.390000343322754,8.4399995803833,3134800.0
2026-04-29 13:30:00,8.449999809265137,8.569999694824219,8.25,8.380000114440918,2113800.0
2026-04-30 13:30:00,8.539999961853027,9.0600004196167,8.220000267028809,9.0600004196167,2683900.0
2026-05-01 13:30:00,9.09000015258789,9.156000137329102,8.760000228881836,9.010000228881836,3476300.0
2026-05-04 13:30:00,9.170000076293945,9.625,9.020000457763672,9.520000457763672,6390100.0
2026-05-05 13:30:00,9.5,9.571000099182129,9.119999885559082,9.319999694824219,2661700.0
2026-05-06 13:30:00,9.45199966430664,9.800000190734863,9.15999984741211,9.760000228881836,2467000.0
2026-05-07 13:30:00,9.720000267028809,9.800000190734863,9.140000343322754,9.390000343322754,2810800.0
2026-05-08 13:30:00,9.399999618530273,9.970000267028809,9.345000267028809,9.90999984741211,3537300.0
2026-05-11 13:30:00,9.90999984741211,9.970000267028809,9.550000190734863,9.649999618530273,2481200.0
2026-05-12 13:30:00,9.5,9.555000305175781,9.220000267028809,9.369999885559082,1816200.0
2026-05-13 13:30:00,9.850000381469727,11.079999923706055,9.609999656677246,10.960000038146973,8644500.0
2026-05-14 13:30:00,10.739999771118164,11.274999618530273,10.520000457763672,10.619999885559082,4482800.0
2026-05-15 13:30:00,10.350000381469727,10.6899995803833,10.045000076293945,10.369999885559082,3132800.0
2026-05-18 13:30:00,11.635000228881836,11.649999618530273,10.291999816894531,10.5600004196167,7041100.0
2026-05-19 13:30:00,10.579999923706055,10.579999923706055,9.829999923706055,10.069999694824219,4135500.0
2026-05-20 13:30:00,10.199999809265137,10.979999542236328,10.149999618530273,10.869999885559082,3927700.0
2026-05-21 13:30:00,10.710000038146973,12.029999732971191,10.699999809265137,11.59000015258789,6210200.0
2026-05-22 13:30:00,12.038000106811523,12.234999656677246,11.59000015258789,11.8100004196167,3865100.0
2026-05-26 13:30:00,12.270000457763672,12.479999542236328,11.96500015258789,12.225000381469727,3881400.0
2026-05-27 13:30:00,12.220000267028809,12.300000190734863,11.550000190734863,11.850000381469727,2869700.0
2026-05-28 13:30:00,11.779999732971191,12.074999809265137,11.390000343322754,11.920000076293945,2558000.0
2026-05-29 13:30:00,11.885000228881836,13.100000381469727,11.800000190734863,13.0600004196167,4557700.0
2026-06-01 13:30:00,13.329999923706055,14.760000228881836,13.09000015258789,14.1899995803833,8953000.0
2026-06-02 13:30:00,14.180000305175781,14.359999656677246,13.300999641418457,13.329999923706055,5391600.0
2026-06-03 13:30:00,13.359999656677246,13.359999656677246,12.5,12.6899995803833,3208600.0
2026-06-04 13:30:00,12.600000381469727,13.819999694824219,12.527999877929688,13.050000190734863,3532700.0
2026-06-05 13:30:00,12.9399995803833,13.032999992370605,11.739999771118164,12.109999656677246,4270300.0
2026-06-08 13:30:00,12.390000343322754,12.390000343322754,11.541999816894531,11.729999542236328,3102300.0
2026-06-09 13:30:00,11.84000015258789,12.0,10.8100004196167,11.260000228881836,3545300.0
2026-06-10 13:30:00,11.1899995803833,11.789999961853027,11.020000457763672,11.029999732971191,2159900.0
2026-06-11 13:30:00,11.199999809265137,11.460000038146973,10.723999977111816,11.40999984741211,3696900.0
2026-06-12 13:30:00,11.479999542236328,12.369999885559082,11.446999549865723,12.079999923706055,2513000.0
2026-06-15 13:30:00,12.399999618530273,12.489999771118164,11.640000343322754,11.789999961853027,2077400.0
2026-06-16 13:30:00,11.720000267028809,11.899999618530273,11.149999618530273,11.489999771118164,2055700.0
2026-06-17 13:30:00,11.59000015258789,12.329999923706055,11.51099967956543,11.9399995803833,2079300.0
2026-06-18 13:30:00,12.199999809265137,12.569999694824219,11.920000076293945,12.529999732971191,3625300.0
2026-06-22 13:30:00,12.795000076293945,13.149999618530273,12.399999618530273,12.630000114440918,3294400.0
2026-06-23 13:30:00,12.210000038146973,13.0,12.199999809265137,12.649999618530273,2363500.0
2026-06-24 13:30:00,12.739999771118164,13.5,12.34000015258789,12.579999923706055,4098600.0
2026-06-25 13:30:00,12.699999809265137,13.630000114440918,12.699999809265137,13.579999923706055,3169500.0
2026-06-26 13:30:00,13.550000190734863,14.9399995803833,13.34000015258789,14.819999694824219,5486700.0
2026-06-29 13:30:00,14.649999618530273,15.399999618530273,14.270000457763672,15.069999694824219,3601600.0
2026-06-30 13:30:00,15.079999923706055,15.390000343322754,14.140000343322754,14.149999618530273,3467600.0
2026-07-01 13:30:00,14.0,14.130000114440918,13.270000457763672,13.289999961853027,4743500.0
2026-07-02 13:30:00,13.359999656677246,13.800000190734863,12.784000396728516,13.619999885559082,4101500.0
2026-07-06 13:30:00,13.720000267028809,14.149999618530273,12.829999923706055,12.84000015258789,3202200.0
2026-07-07 13:30:00,11.75,13.229999542236328,11.5600004196167,12.989999771118164,14233200.0
2026-07-08 13:30:00,12.772000312805176,13.970000267028809,12.649999618530273,13.96500015258789,7532700.0
2026-07-09 13:30:00,13.979999542236328,14.039999961853027,13.460000038146973,13.600000381469727,3023400.0
2026-07-10 13:30:00,13.9350004196167,14.015000343322754,13.005000114440918,13.640000343322754,4188100.0
2026-07-13 13:30:00,13.460000038146973,13.579999923706055,12.90999984741211,13.1850004196167,3033300.0
2026-07-14 13:30:00,13.199999809265137,13.529999732971191,12.940999984741211,13.390000343322754,2798200.0
2026-07-15 13:30:00,13.300000190734863,13.418999671936035,12.670000076293945,13.3100004196167,3358700.0
2026-07-16 13:30:00,14.494999885559082,14.600000381469727,12.255000114440918,12.430000305175781,11929800.0
2026-07-17 13:30:00,12.470000267028809,13.039999961853027,12.020000457763672,12.350000381469727,7160800.0
2026-07-20 13:30:00,12.15999984741211,12.390000343322754,11.635000228881836,11.670000076293945,5579000.0
2026-07-21 13:30:00,11.789999961853027,12.255000114440918,11.479999542236328,12.180000305175781,2878900.0
2026-07-22 13:30:00,12.050000190734863,12.199999809265137,11.850000381469727,11.930000305175781,1726500.0
2026-07-23 13:30:00,11.800000190734863,11.949999809265137,11.609999656677246,11.710000038146973,1822100.0
2026-07-24 13:30:00,11.819999694824219,11.890000343322754,11.010000228881836,11.260000228881836,3627200.0
2026-07-27 13:30:00,11.260000228881836,11.770000457763672,11.204999923706055,11.270000457763672,2983500.0
2026-07-28 13:30:00,11.199999809265137,11.336000442504883,10.59000015258789,10.850000381469727,2670600.0
2026-07-29 13:30:00,10.800000190734863,11.170000076293945,10.649999618530273,10.899999618530273,2760800.0
2026-07-30 13:30:00,10.920000076293945,11.600000381469727,10.829999923706055,11.569999694824219,1960800.0
2026-07-31 13:30:00,11.600000381469727,11.789999961853027,11.199999809265137,11.350000381469727,1986100.0
2026-08-03 13:30:00,11.255000114440918,11.538000106811523,11.020999908447266,11.25,2775300.0
2026-08-04 13:30:00,11.350000381469727,11.869999885559082,11.199999809265137,11.800000190734863,2369500.0
2026-08-05 13:30:00,11.600000381469727,13.649999618530273,11.600000381469727,13.579999923706055,7682500.0
2026-08-06 13:30:00,13.430000305175781,13.770000457763672,13.260000228881836,13.550000190734863,3423400.0
2026-08-07 13:30:00,13.510000228881836,14.079999923706055,13.260000228881836,13.539999961853027,3393400.0
2026-08-10 13:30:00,13.600000381469727,13.619999885559082,13.069999694824219,13.180000305175781,1817600.0
2026-08-11 13:30:00,13.479999542236328,13.6899995803833,13.199999809265137,13.380000114440918,2190700.0
2026-08-12 13:30:00,13.75,14.59000015258789,13.649999618530273,14.220000267028809,4086000.0
2026-08-13 13:30:00,14.199999809265137,14.199999809265137,13.279999732971191,13.289999961853027,2387100.0
2026-08-14 13:30:00,13.260000228881836,13.479999542236328,13.0600004196167,13.449999809265137,1357300.0
2026-08-17 13:30:00,13.390000343322754,13.800000190734863,13.270000457763672,13.720000267028809,1795100.0
2026-08-18 13:30:00,13.550000190734863,14.0,13.220000267028809,13.899999618530273,3271300.0
2026-08-19 13:30:00,13.930000305175781,14.170000076293945,13.680000305175781,14.010000228881836,2836100.0
2026-08-20 13:30:00,14.0,14.199999809265137,13.649999618530273,13.819999694824219,2038400.0
2026-08-21 13:30:00,13.819999694824219,14.020000457763672,13.300000190734863,13.329999923706055,2080800.0
2026-08-24 13:30:00,13.404999732971191,14.319999694824219,13.079999923706055,14.199999809265137,2774900.0
2026-08-25 13:30:00,14.399999618530273,14.920000076293945,14.300000190734863,14.880000114440918,2280200.0
2026-08-26 13:30:00,14.789999961853027,15.010000228881836,14.5649995803833,14.609999656677246,1738000.0
2026-08-27 13:30:00,14.630000114440918,14.930000305175781,14.399999618530273,14.640000343322754,1656600.0
2026-08-31 13:30:00,13.795000076293945,13.939000129699707,13.432999610900879,13.510000228881836,1774400.0
2026-09-01 13:30:00,13.40999984741211,13.493000030517578,13.119999885559082,13.239999771118164,1891400.0
2026-09-02 13:30:00,13.3100004196167,13.600000381469727,13.0,13.229999542236328,1924964.0
